{"willmer_model.hdf5": {"Test Path": "warehouse_dataset/DSCWillmer/Test/Test003", "Total Frames": [151], "Sequence Cost": [74.2440009898058, 77.9133069047405, 78.01086720835252, 77.88189047459792, 78.15831580734695, 76.60983280358911, 76.76471041252398, 75.6654166008031, 75.44518562103679, 75.52238870267838, 75.79077380179461, 72.37019162147051, 72.1399520404968, 72.35952226497061, 72.08069680276863, 74.4756958215123, 74.17895748287083, 74.64519303936576, 74.37147406377527, 74.19246008154393, 73.19291469682238, 73.55287158771802, 73.7208372498729, 75.43503639447951, 77.32914441790123, 74.69927994232633, 75.39495827690034, 75.48298428341639, 76.45761260626361, 77.43006418715738, 78.10247634068118, 77.25262865149354, 77.8170458146073, 77.10524498987614, 75.88297023082364, 76.21462615054799, 76.7571883546403, 76.96210944376924, 75.9828594275861, 74.79162604010735, 74.30410849823551, 74.31067300215322, 72.80033674838988, 72.27420639009533, 70.90104507494243, 70.20918931244435, 68.05341956530552, 66.84689851024478, 66.27846430345109, 66.16966810468136, 65.99865155478189, 66.36441608389254, 66.72384469494153, 67.55822163246599, 68.5252915624174, 69.60811298722915, 70.33308269244468, 70.76522523373102, 71.58052329113404, 71.19170726436259, 70.97871109613948, 70.55590177200312, 69.88609792740151, 67.89354066215455, 68.46794532713471, 66.50348055975556, 66.52567426716931, 68.16095407231548, 68.97230593610404, 70.10401982876186, 70.29627233551179, 70.44495517337603, 70.8370017334385, 70.89611728901095, 71.36252353857331, 71.88615800374437, 73.22231048508117, 70.21104564061464, 69.75497894893351, 71.67243154909009, 73.34353028089578, 74.85938566595946, 76.11368570491462, 77.50203205253253, 78.73519868266256, 79.87003201121604, 78.55594113065622, 79.63102529033267, 80.34760063694658, 80.38116135068474, 80.20184278554399, 80.05048000857475, 80.7974744258226, 80.23368688104333, 79.82271752527214, 80.10335054064466, 79.38251041785871, 79.55794499246464, 80.28483807889774, 80.58928017908536, 80.28192107616137, 80.4511360883933, 78.38625584681617, 79.42119462799887, 80.82812843262856, 81.73343432741567, 83.17067710024294, 82.52845568792351, 79.55211307745526, 78.9004521192464, 79.60797946984364, 79.42377297368033, 79.91545254135686, 80.27209882980888, 80.50047800587832, 80.4684068202248, 80.73102681542385, 82.08364183308852, 83.48692590807812, 84.45463402494671, 84.39866890320258, 83.01750531319382, 82.05539760722284, 81.25607416938583, 79.16166716529855, 76.62351825184507, 76.81897790874177, 76.20619059315926, 75.58895958325893, 75.03050599061783, 74.60758318341114, 74.88007443837445, 75.99972514518993, 77.35959918062048, 78.65842448018877, 79.69248210655905, 78.65556613080393, 79.87973528062814, 80.37598827905455, 79.93292704205642, 78.94829314345077, 77.65563505447143, 76.23578065648807, 75.2347402804218, 75.12077426275366, 75.03242759455152, 73.14749635112658, 72.50978571167157, 71.79489354892317, 73.51927341640156, 75.37345852951748], "Score": [0.9023694847509688, 0.8589224204507335, 0.8577672404569014, 0.8592944122366821, 0.8560213492965553, 0.8743564356021858, 0.872522579938456, 0.8855389623360894, 0.8881466461216975, 0.8872325094075558, 0.8840546482728198, 0.9245566552948822, 0.9272828476895554, 0.9246829876936082, 0.9279844697901338, 0.8996260612031495, 0.9031396438746915, 0.8976190994797301, 0.9008601173202625, 0.9029797639719603, 0.9148150575146011, 0.9105529244173302, 0.9085640973494719, 0.8882668198300374, 0.8658392994779602, 0.8969786739591531, 0.8887413718548243, 0.8876990843885137, 0.8761588257147347, 0.8646443411382397, 0.8566825263570026, 0.8667452979147671, 0.8600622168780647, 0.8684904201726394, 0.8829629801826852, 0.8790359497295501, 0.8726116461924339, 0.8701852418690382, 0.8817802245184672, 0.8958852336897447, 0.9016577711887271, 0.9015800430214868, 0.9194634460010936, 0.9256931853679013, 0.9419523442761892, 0.9501443845411878, 0.975670156714945, 0.989956182212425, 0.9966868277638081, 0.9979750483573351, 1.0, 0.9956691005374245, 0.9914132226309165, 0.9815336352387315, 0.9700828730500546, 0.9572615348569141, 0.9486774031087215, 0.9435605430775871, 0.9339068625328084, 0.9385107073219127, 0.9410327260445347, 0.9460390744707379, 0.9539700051098283, 0.9775632310855442, 0.9707618912702477, 0.9940224830667722, 0.9937596945570595, 0.9743968754053818, 0.964789920462579, 0.951389662374627, 0.9491132626368324, 0.947352757253311, 0.9427106607646014, 0.942010692595241, 0.9364881270788881, 0.930287940775122, 0.9144669914955109, 0.9501224043598546, 0.9555225425162335, 0.9328186065831242, 0.9130316671084702, 0.895082913880602, 0.8802311528915644, 0.8637921929262911, 0.84919066579439, 0.8357534714751503, 0.8513131964769975, 0.8385834727372807, 0.8300987358736738, 0.8297013543193561, 0.8318246074387502, 0.8336168451142403, 0.8247719258759756, 0.831447551805664, 0.8363137069967431, 0.8329908222478777, 0.8415260569464617, 0.8394487929025004, 0.830841887019534, 0.8272370865997287, 0.8308764263052706, 0.8288728060873208, 0.8533223850289238, 0.8410680097287242, 0.8244089616981082, 0.8136895274688427, 0.7966716007508993, 0.8042759367323887, 0.8395178467214733, 0.8472339533121, 0.8388563508422552, 0.8410374803716176, 0.8352156616715177, 0.8309927283467853, 0.8282885644047335, 0.8286683089388707, 0.8255587105345785, 0.8095428336880206, 0.7929270009253673, 0.7814686821718606, 0.7821313470734408, 0.7984852583295216, 0.8098772644293502, 0.8193417946717156, 0.8441409904561483, 0.8741943906366968, 0.8718800160715431, 0.8791358324356457, 0.8864442651466088, 0.8930567334745888, 0.8980644256171154, 0.8948379448193557, 0.8815805230124629, 0.8654786944848671, 0.8500997242890501, 0.8378557824579265, 0.8501335690794258, 0.835638578201097, 0.829762606987015, 0.8350087517618211, 0.8466674832213027, 0.8619734294716589, 0.8787854660683002, 0.8906384613198169, 0.8919878960664583, 0.8930339803840582, 0.9153528414529271, 0.9229037668321861, 0.9313685736601599, 0.9109507494947147, 0.8889959434083108]}}