{"willmer_model.hdf5": {"Test Path": "warehouse_dataset/DSCWillmer/Test/Test006", "Total Frames": [9], "Sequence Cost": [70.65635832765254, 72.13552818414537, 74.38039487203321, 76.38396993265502, 77.45713794346686, 76.80759517598574, 76.12560037307532, 75.35671643038488, 75.39994238967637], "Score": [1.0, 0.9809033757796161, 0.9519213252224901, 0.9260544378855974, 0.912199446088778, 0.9205852809482483, 0.9293900834624876, 0.9393166565725297, 0.9387585936174663]}}