{"willmer_model.hdf5": {"Test Path": "warehouse_dataset/DSCWillmer/Test/Test002", "Total Frames": [55], "Sequence Cost": [80.26678280211529, 81.64118452279978, 80.59194323564613, 81.74092395267103, 82.35790937451004, 81.70450066670664, 82.21460330995494, 82.51420533208554, 82.43627542627118, 81.94257203117276, 81.17407008193874, 79.80517472043714, 79.44373685717254, 78.92187722717028, 77.99901852445255, 77.93613451289114, 77.11056364309908, 76.72827527734354, 76.61690540781677, 76.53133204116666, 76.98995870172229, 77.4899361701586, 77.01862406708278, 77.37580436973262, 77.3139727564011, 76.33259403425753, 76.82522211791981, 78.4302469147769, 79.43297384818348, 79.08753738894751, 77.3174008047916, 76.28892661702446, 75.76284454157238, 76.19943072801728, 75.86677456732322, 75.56046210120738, 74.55735110513014, 73.86217542470021, 73.4168338239293, 74.1290832160296, 76.07244709434389, 77.63865563114015, 78.30121694206882, 78.62592028975253, 79.43569044819675, 79.38531210740027, 79.91315028149198, 79.404130893666, 77.78921104834819, 76.36340396436351, 73.08391924524845, 71.86943861002963, 71.12831666793517, 69.83343047896562, 68.58808859585554], "Score": [0.8584644406468215, 0.8418078938722015, 0.8545237805844456, 0.8405991392163232, 0.8331218155318024, 0.8410405575856549, 0.8348585596957722, 0.8312276452256537, 0.8321720875250217, 0.8381553408704483, 0.8474689123475184, 0.8640587268648172, 0.8684390376465785, 0.8747635199330162, 0.8859477602587105, 0.8867098594791819, 0.8967150563597612, 0.9013480569954334, 0.9026977624077143, 0.9037348367672832, 0.8981766827656802, 0.8921173931388322, 0.8978292836088304, 0.8935005707379697, 0.8942499158123443, 0.9061433675906645, 0.9001731460793543, 0.8807216493292186, 0.8685694759019763, 0.8727558636620685, 0.8942083708640931, 0.906672578495106, 0.9130482331273577, 0.9077571903949238, 0.9117886921146003, 0.9155009312967274, 0.9276577592276289, 0.9360826804594596, 0.9414798311558591, 0.9328479914716036, 0.9092961209725416, 0.8903150433448419, 0.8822853797461666, 0.8783502591644812, 0.8685365530858098, 0.8691470945143279, 0.862750157502484, 0.8689190272840857, 0.8884904433671519, 0.9057699781847799, 0.9455144646755179, 0.9602329077645719, 0.9692146575022293, 0.9849075455783873, 1.0]}}