{"willmer_model.hdf5": {"Test Path": "warehouse_dataset/DSCWillmer/Test/Test007", "Total Frames": [11], "Sequence Cost": [85.24701067393241, 84.9501161611163, 85.54429806492554, 85.5884348686643, 83.53424462548416, 82.65151345042854, 81.49768302202548, 80.27305401310404, 81.64130249803769, 82.22519071859239, 82.16333550895203], "Score": [0.9418851779628765, 0.9453540404706638, 0.9384117251365767, 0.9378960385977765, 0.9618968308348619, 0.9722105043634196, 0.985691653191221, 1.0, 0.9840136288619692, 0.9771915830861506, 0.9779142883177075]}}