{"willmer_model.hdf5": {"Test Path": "warehouse_dataset/DSCWillmer/Test/Test010", "Total Frames": [71], "Sequence Cost": [72.39534995902491, 73.3715670791291, 74.27628629252364, 75.1029037180795, 74.17973748882534, 73.1570265868717, 72.68102552129356, 71.37074755540503, 71.75417947196796, 71.92400187084738, 72.7511897649132, 70.90127890445335, 70.52086345136009, 70.68655012976342, 71.13576062635875, 70.89317125403745, 70.40246962555486, 70.47213239733935, 70.03804272417763, 69.80531348419451, 68.70622101237261, 69.7387967242475, 69.23027982923392, 69.57433067890274, 69.32851489503757, 70.0411614679619, 70.53032795695229, 70.56653346936002, 70.34707187691423, 70.33791065594998, 70.59942465649435, 69.90642482030637, 69.9618678902676, 68.8865864543814, 69.8850447897257, 69.28174586842819, 68.07698828249859, 67.48241080663072, 66.8092533998738, 66.34056551798314, 66.94633789863639, 66.83727609499945, 66.45594983122952, 66.90359604499669, 66.02142157659044, 66.45978318954208, 66.9331567486929, 67.22114460878959, 67.53342892020821, 67.68295064715157, 68.30508876492638, 68.91108488728239, 69.44030263901118, 70.03137551953103, 69.39583861978922, 69.43514842058133, 69.15126828106578, 68.63406147205642, 68.0693619158905, 67.61509912237587, 67.1028976358728, 67.15373094951725, 67.65747657025537, 67.57637823088535, 69.01473934354475, 69.23952654879677, 70.34573901090853, 71.34016751632724, 71.91461924875296, 74.73540330691227, 75.3500402033034], "Score": [0.9154090911532781, 0.9024533300485695, 0.8904464457661789, 0.8794760810082365, 0.8917277828887312, 0.9053005812468243, 0.9116177784811432, 0.9290069923734418, 0.9239183167001657, 0.921664536895653, 0.9106866012258912, 0.9352374953656764, 0.9402861383666204, 0.9380872453340979, 0.9321255962708287, 0.9353450951810716, 0.941857389363777, 0.9409328673383536, 0.94669384201057, 0.9497824832290112, 0.9643689714227324, 0.9506652532947939, 0.9574139808819531, 0.9528479468262243, 0.9561102647122125, 0.9466524519359815, 0.9401605311928662, 0.9396800336070648, 0.9425925946601665, 0.9427141768244166, 0.9392435217346679, 0.9484405949454874, 0.9477047881720386, 0.9619752707488888, 0.948724337734781, 0.9567309548469914, 0.9727197663018894, 0.980610637683824, 0.9895443742145632, 0.9957645153137065, 0.9877250719501887, 0.9891724740131825, 0.9942332047406124, 0.9882923158895995, 1.0, 0.9941823307357384, 0.9879000041719622, 0.9840780040864988, 0.9799335562457805, 0.977949194637745, 0.9696925551443061, 0.9616501424167089, 0.9546266856235751, 0.9467823251039913, 0.9552167850993285, 0.954695089282232, 0.9584625741933164, 0.9653266290446991, 0.9728209788107018, 0.9788496788922011, 0.9856473061412522, 0.9849726772557559, 0.9782872711248639, 0.9793635590624842, 0.9602745033860901, 0.9572912640321956, 0.9426102836488134, 0.9294128320915797, 0.9217890573613237, 0.8843533234115009, 0.8761962355754127]}}