{"willmer_model.hdf5": {"Test Path": "warehouse_dataset/DSCWillmer/Test/Test011", "Total Frames": [45], "Sequence Cost": [72.96993048966793, 72.77791779775684, 73.19459338365532, 72.38470566127982, 71.96079166336838, 70.87150069919637, 70.50431112934835, 70.66596559578646, 69.2952620568624, 68.43323945191952, 68.42317104777162, 68.10032656879211, 67.93218202475921, 68.28210677078081, 67.5148015154683, 68.38977307571882, 68.47873441375314, 68.42427975814243, 67.9344721391839, 68.30960094896923, 68.35476148233278, 68.34058286752258, 68.54426371907059, 68.55599477008506, 68.91040513757748, 68.32636925186254, 68.03046559262756, 67.41570687769368, 66.69963815846377, 66.39897603002325, 65.83082326927318, 65.35164709359479, 64.54244200322988, 64.18383186868053, 63.66920617372791, 62.674508115381734, 63.17045637467093, 63.60379279601428, 64.03176466062364, 64.40294445512333, 64.72847640015205, 65.03167201679553, 68.5114515686342, 68.9559907844916, 68.97594289801907], "Score": [0.8593417642158088, 0.8619650821828153, 0.8562723722894161, 0.8673372294726563, 0.8731288320803717, 0.8880109553877914, 0.8930275768740721, 0.8908190193978281, 0.9095458607608153, 0.9213229957252043, 0.9214605523900132, 0.9258713218752304, 0.9281685481628545, 0.9233878023475531, 0.9338708888685837, 0.9219168425408135, 0.9207014339440607, 0.9214454049546691, 0.9281372601357092, 0.923012171075933, 0.9223951783272086, 0.922588889558527, 0.9198061587292102, 0.9196458866316116, 0.9148038573080146, 0.9227830789788513, 0.9268257772924272, 0.9352247407474406, 0.9450078228868081, 0.949115532412081, 0.9568777554737223, 0.9634243616303649, 0.9744798925508443, 0.9793792999793366, 0.9864102249583875, 1.0, 0.9932242500933144, 0.9873039163458204, 0.9814568743058967, 0.9763857375273354, 0.9719382513131226, 0.9677959287367234, 0.9202544452613096, 0.9141810565681405, 0.9139084665774716]}}