{"willmer_model.hdf5": {"Test Path": "warehouse_dataset/DSCWillmer/Test/Test005", "Total Frames": [124], "Sequence Cost": [76.29727839214716, 75.0873550100446, 75.2222083395289, 75.96503477591591, 76.70297554541611, 77.46684485732885, 77.85229543448791, 77.7904014949476, 78.20828305257122, 78.6943839852312, 75.72448983624585, 75.02977553649374, 74.03643291892011, 73.35986446726639, 73.2016803840967, 74.31170501716811, 74.44758023050954, 74.36057097570522, 75.45849587052112, 75.76721731458747, 76.56171967802845, 76.99193805265315, 77.33676705848598, 76.24773565361804, 76.40457161565938, 76.39832239463668, 76.40822794616282, 76.59919072628175, 75.57648353819512, 75.0702811977751, 74.3978340178088, 74.41176044366551, 74.1077868798917, 74.73610612134766, 73.4803890940514, 73.297334840283, 72.56642781284101, 71.8226592597176, 72.50466749599732, 72.34121837176676, 72.31628769964702, 73.82579044812974, 74.08592139643245, 74.04303383933292, 73.44391198061722, 73.64620290804245, 73.06860785282393, 72.61641966858569, 73.13262616651225, 74.13206549766895, 75.74698688752385, 74.8861029695778, 75.66191251373095, 76.68016178886576, 77.70132386858502, 77.57148444435218, 77.70049081132501, 77.84775868952553, 77.41835996469345, 77.13577975195074, 77.18767074521263, 77.30137376372079, 76.42437208449299, 75.4334228081315, 74.40140656228891, 75.18280290932486, 75.90242620361428, 76.07282034539689, 75.70618870655075, 75.5718537507004, 75.63917651677683, 75.65511988948677, 75.48608196525622, 75.42401318491977, 75.70738480298961, 74.89477407602166, 74.93239867011688, 75.14466029553823, 75.26971200238039, 75.42468774814053, 75.004480443132, 74.6446063347386, 75.57557374850514, 75.78845133976999, 75.50342708475459, 75.24322803821039, 73.9178435179134, 72.97522434146285, 72.95640851474442, 73.50012551363065, 73.32580345328526, 73.2625037464175, 73.24819567983863, 73.59268654052838, 74.322437988072, 74.89677859726285, 76.62424360146142, 79.26109260552835, 78.73112341887393, 81.47212327781378, 81.84882404988338, 81.67428598599372, 81.93486881199425, 81.31146860820262, 81.28770223028707, 82.17119772819821, 81.66905416799656, 79.9191262797035, 79.23231913857789, 77.99072146031541, 77.78216608798049, 78.01272801557803, 79.08368199703847, 78.67861639483928, 79.26145318727197, 77.08719252300568, 76.89219070284332, 77.25850085818509, 77.89069045438136, 78.28030075022961, 79.29834090965194, 80.00598233852764, 78.70773306360421, 78.84742082849938], "Score": [0.9455451635592499, 0.9602695854437244, 0.9586284589515639, 0.9495884734466175, 0.9406079451118459, 0.9313118738237112, 0.9266210504231075, 0.9273742819841837, 0.9222887828168738, 0.9163730733456807, 0.9525158366385928, 0.960970311186354, 0.9730590070437439, 0.9812926518044256, 0.9832177069033292, 0.9697090242534415, 0.9680554617266924, 0.9691143394990737, 0.9557529072068541, 0.9519958554344372, 0.9423269886610819, 0.9370913539555035, 0.932894883472337, 0.9461480845327643, 0.9442394356828337, 0.9443154869172744, 0.9441949391852222, 0.9418709767093365, 0.954317031000397, 0.9604773688610475, 0.9686608589227427, 0.9684913782988533, 0.9721906497245818, 0.9645441840671836, 0.979825901530398, 0.9820536195000679, 0.9909485492035346, 1.0, 0.991700154614569, 0.9936892837589586, 0.9939926829159504, 0.9756224657326038, 0.9724567464113014, 0.9729786757282063, 0.9802698175793626, 0.9778079947872163, 0.9848371615900303, 0.99034016260182, 0.9840580770025076, 0.971895185882646, 0.9522420539519584, 0.962718765278397, 0.9532773847752268, 0.940885582011162, 0.9284583312474941, 0.9300384399452195, 0.9284684693163435, 0.9266762613131494, 0.931901921114926, 0.9353408415706972, 0.9347093430079826, 0.9333256097577474, 0.9439984696341326, 0.9560580392127495, 0.9686173820770976, 0.9591080117789961, 0.9503504018842279, 0.9482767538604249, 0.9527385561583404, 0.9543733741914752, 0.9535540753624729, 0.9533600490716224, 0.955417192315289, 0.956172551638902, 0.9527240000064048, 0.9626132403903147, 0.9621553598295411, 0.9595721964914156, 0.9580503529464816, 0.9561643423972285, 0.9612781452457457, 0.9656577103286812, 0.9543281028809968, 0.9517374434145375, 0.9552061071665031, 0.9583726552239487, 0.9745022061729446, 0.9859736122435789, 0.9862025954790511, 0.9795857149428235, 0.9817071646133273, 0.9824775039611502, 0.9826516290435932, 0.9784592736902097, 0.9695784070639564, 0.9625888459395021, 0.9415660903760188, 0.9094763913455999, 0.9159259649347231, 0.8825687797564519, 0.8779844389839634, 0.8801085173558886, 0.8769372988121055, 0.8845239011865005, 0.8848131312156667, 0.8740612434211925, 0.880172187086181, 0.9014683095314371, 0.909826556217793, 0.9249364452371714, 0.9274745045341136, 0.9246686317469092, 0.9116354277646224, 0.9165649604159418, 0.9094720031687984, 0.9359321342655629, 0.9383052507048215, 0.9338473607693063, 0.9261537940004807, 0.9214123480118632, 0.9090230901262748, 0.9004112961103666, 0.9162106188757195, 0.9145106586858094]}}