{"willmer_model.hdf5": {"Test Path": "warehouse_dataset/DSCWillmer/Test/Test004", "Total Frames": [61], "Sequence Cost": [82.26169779308896, 82.22183569453689, 81.19686235643302, 80.44150744544498, 80.61854316311178, 80.24719422003594, 79.05887762909954, 78.8603360915497, 75.92151986872527, 76.50557012414721, 77.42435743688985, 75.61250629464209, 74.76912825645411, 74.83932213285789, 75.81856169649254, 76.75989000550545, 79.69552523754871, 81.89529501856055, 83.06091750361541, 83.84598962441909, 83.02713881405886, 83.41213786024733, 83.50337285960765, 83.22275048767463, 81.88087475784884, 81.80832644144031, 80.43390982831895, 78.8151990241507, 78.30399347159663, 77.49009646522977, 77.7147089911618, 77.62699126562788, 78.44034419057304, 80.0103350500301, 80.13745930866821, 80.66800934843668, 80.70279404827974, 79.93201508550914, 79.64168532386485, 78.67726155963534, 78.7683842330453, 78.94835880936883, 78.69900020117801, 76.96702731186434, 76.98175922490424, 77.40781686370087, 78.89686300609188, 80.01428171825034, 80.29073407995548, 80.50221409836651, 80.67074655639787, 79.9511604160133, 81.40537349893992, 82.15544665954766, 82.99227177280962, 81.50594557429669, 79.88619315795066, 78.52322414437195, 78.01123377179785, 77.10746496031949, 77.00233098220919], "Score": [0.9106389038975249, 0.9111143243527026, 0.9233388009519431, 0.9323476386360301, 0.9302361993357151, 0.9346651403588847, 0.948837751312126, 0.9512056825446059, 0.9862558529342524, 0.9792901022998077, 0.9683320670156127, 0.9899413431463351, 1.0, 0.9991628236875943, 0.9874837968430061, 0.9762569234620667, 0.9412446915688876, 0.9150088538041296, 0.9011069070291416, 0.8917436432127046, 0.9015097729230008, 0.8969180321860493, 0.8958299062092553, 0.8991767850902852, 0.9151808389017627, 0.916046095746288, 0.9324382525957444, 0.951744015595491, 0.9578409744941094, 0.9675480220227108, 0.9648691517876744, 0.9659153285449271, 0.9562147700735142, 0.9374900717726212, 0.9359739079202108, 0.9296462345020184, 0.9292313702968386, 0.9384241649221181, 0.9418868202374742, 0.9533891445412311, 0.952302358234359, 0.950155868257561, 0.9531298758315404, 0.9737864736851991, 0.9736107716259129, 0.9685293402932383, 0.9507700395913078, 0.9374430013255082, 0.9341458566088261, 0.9316236129170486, 0.9296135888385413, 0.938195825670713, 0.9208519659412179, 0.9119061217336699, 0.9019256191835725, 0.9196524801243378, 0.9389706660459493, 0.9552262916242745, 0.9613326107799971, 0.9721115259735169, 0.9733654199114529]}}