{"willmer_model.hdf5": {"Test Path": "warehouse_dataset/DSCWillmer/Test/Test008", "Total Frames": [21], "Sequence Cost": [72.26988772654062, 72.68489732089972, 72.70195935500358, 72.58930288122237, 72.75382831482837, 73.40375843806761, 73.34948533661945, 74.24122785811308, 73.53007409681268, 72.87241872242768, 72.99646394938577, 73.37296786598246, 72.58446754779906, 72.46244417353648, 72.5123469044656, 73.37192238696353, 72.59869595976787, 71.61759857967257, 71.79004343108095, 71.47696870218834, 71.60108757348688], "Score": [0.9893196940941269, 0.9837296788649573, 0.9834998600082909, 0.9850172981896276, 0.982801205617446, 0.9740469037020553, 0.9747779409304789, 0.9627665215719805, 0.9723454816972026, 0.9812038396925995, 0.9795329995066699, 0.974461640539975, 0.9850824282199733, 0.9867260348491065, 0.986053864784456, 0.974475722729199, 0.9848907771336525, 0.9981057711255397, 0.9957830071252197, 1.0, 0.998328167853908]}}