{"willmer_model.hdf5": {"Test Path": "warehouse_dataset/DSCWillmer/Test/Test001", "Total Frames": [192], "Sequence Cost": [78.18465545985939, 77.81022798673898, 79.87043830696737, 81.05980158663628, 81.10204654051267, 80.54760944220227, 80.26757264864283, 78.48157751368846, 79.2188777430796, 77.16874613182124, 76.76842044770478, 76.46331165862256, 75.07608320968427, 72.89525953079558, 72.78375710824137, 72.28410943076588, 73.99889846736173, 72.9642598088592, 72.75771412680353, 72.49760371027273, 72.55952256170333, 73.64759467167568, 73.94552172117555, 74.63564491708485, 75.16416623024772, 75.94114216889096, 75.85670153940652, 76.4918368582753, 76.445453860009, 76.31022870333918, 77.40563486667284, 77.92611924594594, 78.39786488878903, 79.824244360796, 79.84412609465929, 78.58951161837757, 78.5649460928144, 79.27615577283368, 79.87791556582545, 80.01103975970427, 79.94888631483249, 79.31383670643407, 78.25137916003085, 77.00387744386498, 76.20299950049643, 76.8445232907967, 75.9034793813357, 75.3384011420995, 74.74350171148915, 74.86738954145422, 74.06351701630565, 74.01478196395817, 74.121865282299, 74.35608988770483, 74.57810701183071, 74.48537588567714, 74.04307124930438, 73.38293384211498, 73.36613271620469, 72.42224307728092, 72.97227999002149, 74.70666938429738, 75.05164573847138, 75.03413938473706, 75.56620759314143, 75.22385645937835, 76.70078013171472, 78.09572987278374, 79.0428855573209, 79.66908750177504, 80.41552639947602, 78.83245161947971, 79.3854136139655, 80.83120424569938, 80.22296732370097, 79.86240059494033, 79.0719018691714, 79.13312198244701, 79.16597907049437, 77.7696022227187, 76.89267547020812, 75.75904793688048, 75.31147811003005, 75.1085446324166, 75.40073358950934, 74.61264441868502, 74.88463931790483, 75.42030749390285, 75.56291577775501, 75.87469679657751, 76.25467396700216, 76.68344670240651, 76.83288289754466, 76.7484635890588, 76.52349516559293, 77.12756665788639, 76.47539450938814, 75.39031950395119, 74.66028351244515, 74.29876943063762, 73.84084658604786, 73.23247958073345, 71.7834459356966, 71.00406285441142, 70.07694186937238, 69.82110005945997, 70.42595910389993, 70.25696110210436, 70.58619247570444, 71.09723819111973, 71.78939060471265, 72.40691732416887, 73.22989717967812, 73.6163599197418, 74.28021332255811, 74.28848059106352, 74.74960305450388, 75.11024906709848, 74.98654184393145, 75.77360164145131, 75.94685067708876, 75.76154119633239, 75.91847976615371, 75.6231692332885, 74.9043030864897, 74.32086606876346, 74.20290280476644, 74.39914791647057, 74.24188022602235, 73.72707234490429, 73.43656675849489, 72.97369931105052, 71.9504606823835, 70.98056830823312, 69.82808891239299, 69.09809324017438, 69.38475668543813, 70.23682875482197, 70.24214051570513, 69.79728538770789, 70.20062766620697, 70.9570155096453, 71.7994002314621, 73.11845713962435, 73.48627221013089, 75.34474113187592, 76.85648158548996, 77.81709902961562, 77.60884815020214, 78.1539065208572, 78.57930669097657, 78.30890886602006, 77.81379656629674, 78.10888425877056, 78.08633389489972, 77.48287570307657, 76.60756844388335, 75.7604958629808, 75.83508455544887, 75.69822862450937, 76.16075563379668, 76.91506112152, 76.35806820564358, 75.88102114245204, 76.40583963008704, 76.63302693556749, 76.46491582215234, 76.00099000686156, 75.26825829924503, 75.5813201692574, 75.40293591054022, 74.43937236676155, 74.20749262461274, 74.20374317884797, 74.02014370903032, 73.65686282914768, 72.67445172175361, 71.37327840918091, 71.25343961755269, 71.0852441847334, 71.90276189217329, 73.29204356556002, 73.97867711466434, 73.73903434690392, 73.80646798654627, 74.54315573752193, 75.35016779675759, 76.22443386349728, 76.56461399828427, 78.95978460753805, 78.63180667638404, 79.08651323202179], "Score": [0.8879613695673385, 0.8925781146322534, 0.867175422491812, 0.8525104007025679, 0.8519895142924415, 0.8588258041514581, 0.8622786984433372, 0.8843002775666483, 0.875209258771915, 0.900487678968553, 0.9054237527323201, 0.9091857883664002, 0.9262905163986987, 0.9531803887498151, 0.954555229796502, 0.9607159581478625, 0.939572360547779, 0.9523296053108405, 0.9548763435359048, 0.9580835427081338, 0.9573200742869062, 0.943903987315182, 0.9402305035720677, 0.9317211844445342, 0.9252044399762074, 0.915624213930307, 0.916665379142362, 0.9088340685162913, 0.9094059776140864, 0.9110733234140751, 0.897566806500393, 0.8911491585929127, 0.8853324663765524, 0.867745000549849, 0.8674998558869045, 0.882969434396924, 0.8832723308910452, 0.8745030123552422, 0.8670832268053033, 0.8654417861813317, 0.8662081471737233, 0.8740384009772595, 0.8871386566640564, 0.9025205338099397, 0.9123954750417678, 0.9044853936361178, 0.9160886015649204, 0.923056098235352, 0.9303912945218376, 0.9288637396049196, 0.9387756044645444, 0.9393765147303925, 0.9380561618797731, 0.9351681385141873, 0.9324306351638252, 0.9335740234025824, 0.9390277037379094, 0.9471672937402362, 0.9473744540601906, 0.959012750246123, 0.9522307153135544, 0.9308454424596873, 0.926591833964103, 0.926807689845441, 0.9202472116442086, 0.9244684507912635, 0.9062577676416267, 0.8890578349571636, 0.8773792679549852, 0.869658107131487, 0.8604544072306699, 0.879973948937987, 0.8731558473231336, 0.8553290390808572, 0.8628286885711396, 0.8672745286472039, 0.8770214926202283, 0.8762666397418237, 0.8758615070793458, 0.8930790361965444, 0.9038916702781337, 0.9178694622289368, 0.9233880631267187, 0.9258902623469577, 0.9222875301156965, 0.9320047839266796, 0.9286510473587135, 0.9220461810347738, 0.9202878002054945, 0.9164434950107204, 0.911758321372903, 0.9064714913397032, 0.9046289213736851, 0.9056698236947344, 0.9084437169941283, 0.900995427856422, 0.9090368050634998, 0.9224159373014875, 0.9314173869892136, 0.9358749080657864, 0.9415211631742937, 0.9490224166107345, 0.9668892116775275, 0.9764991181414275, 0.9879306543921917, 0.9910852210255332, 0.9836272212556036, 0.9857109911357035, 0.9816515205348522, 0.9753502527220849, 0.9668159130461166, 0.9592017190054304, 0.9490542579903974, 0.9442891163380147, 0.9361037075704973, 0.9360017709504236, 0.9303160640772928, 0.9258692464200534, 0.9273945744289495, 0.9176900129401503, 0.9155538271960468, 0.9178387199781767, 0.9159036446438825, 0.9195448663572915, 0.9284085902392738, 0.9356024533119498, 0.9370569574709552, 0.9346372267727157, 0.9365763602120878, 0.9429240160737793, 0.946505992100294, 0.9522132148793536, 0.9648298956206453, 0.9767888093043572, 0.9909990474549375, 1.0, 0.9964653981312227, 0.9859592258984641, 0.9858937311161529, 0.9913788593832309, 0.9864055905730832, 0.9770792187279473, 0.9666924928961151, 0.9504283298518035, 0.9458931166704345, 0.922977925241613, 0.9043379461276596, 0.8924933936767445, 0.895061157232618, 0.8883405084462425, 0.883095262632293, 0.8864293070428916, 0.8925341135285824, 0.8888956394695288, 0.8891736887276269, 0.8966144157815578, 0.9074070812755904, 0.917851609090057, 0.9169319196907173, 0.9186193731740414, 0.9129163480468485, 0.9036156519497837, 0.9104834554101833, 0.9163655149085614, 0.9098944268161933, 0.9070931743796478, 0.9091660087973485, 0.9148862814055008, 0.9239209696639592, 0.9200608713881904, 0.9222603751778766, 0.9341412534649288, 0.9370003643263666, 0.9370465955366097, 0.9393104036357794, 0.9437897095889427, 0.9559029810697471, 0.9719466367859162, 0.9734242664727129, 0.9754981405608996, 0.9654180286240015, 0.948287984036375, 0.9398216927602194, 0.9427765228536956, 0.9419450562937407, 0.9328615894467276, 0.9229110136763302, 0.9121311862363042, 0.9079367158215895, 0.8784039147219609, 0.8824479301956046, 0.8768413323964899]}}