{"willmer_model.hdf5": {"Test Path": "warehouse_dataset/DSCWillmer/Test/Test009", "Total Frames": [31], "Sequence Cost": [63.10834280578166, 63.042336800308654, 65.12567600521017, 66.74936327180913, 68.43217712114618, 69.04694156929844, 69.27881401158548, 69.51948097373705, 70.43887466303687, 70.88556577045098, 70.59247495042193, 70.3838558679052, 69.69927637234747, 71.86859477535418, 71.48715351803597, 71.8019494063352, 73.92895352701782, 74.41752231882573, 74.08397066934081, 74.07837873569393, 73.55515367009666, 74.06601364582383, 72.3349870904129, 71.3240266695321, 69.29763695757674, 68.01330511118933, 67.674552661835, 67.64318868540099, 66.9590641609433, 66.0740387000076, 65.23608266263182], "Score": [0.9991130314015264, 1.0, 0.9720047222752741, 0.9501861073038884, 0.9275729673215143, 0.9193119499025464, 0.9161961186431605, 0.912962109304332, 0.9006075769220137, 0.894605077866746, 0.8985435430412968, 0.9013469027342325, 0.9105460734970643, 0.8813954334943948, 0.8865211249368485, 0.8822909936654719, 0.8537089601012537, 0.8471437214775498, 0.8516258869554044, 0.851701029656648, 0.8587319687324697, 0.8518671879683575, 0.8751281956110835, 0.8887131738444295, 0.9159431816277273, 0.9332016418178553, 0.9377536940603771, 0.9381751536233499, 0.9473682106231073, 0.9592609132200037, 0.970521111238768]}}