{"UCSD+Avenue_model_lstm.hdf5": {"Test Path": "data/Avenue_Dataset/testing_videos/Test005", "Total Frames": [390], "Sequence Cost": [37.26407483098018, 37.69037291963413, 38.10894117499001, 38.46593562494585, 38.88312075046915, 39.228469995493285, 39.5609093355056, 39.768375472291886, 39.789939179071496, 39.78291947324541, 39.74139762768408, 39.65717143652373, 39.66243695923227, 39.70056694505355, 39.62655768743057, 39.537442224475264, 39.48307741771978, 39.521425833415606, 39.67379176948263, 39.781037118050484, 39.812702712832454, 39.76569900822106, 39.62659478644406, 39.50525495955863, 39.43021418366786, 39.4444107293326, 39.43645065365453, 39.38491690435674, 39.337861423535195, 39.34507883488067, 39.378415681213575, 39.40259522965115, 39.43173895988997, 39.468137640386516, 39.53286031470434, 39.5308415263058, 39.59018215415852, 39.64967449582028, 39.71805107219774, 39.761514567958585, 39.75196928689831, 39.808594404203646, 39.83418775705828, 39.866299640433695, 39.9081815922741, 39.96041081232695, 39.94587815628252, 39.944485292807805, 39.94514722950455, 39.945382599192484, 39.958382487453896, 39.935283838051205, 39.9219696334192, 39.87746685849645, 39.7619746566722, 39.70125806076215, 39.6443966787969, 39.54473062012613, 39.52932751784656, 39.556574494757456, 39.53197952913935, 39.45424531869858, 39.45713642022987, 39.440239884923194, 39.39955397084122, 39.35230009135668, 39.38412007031083, 39.40689536942025, 39.41674251575569, 39.39080629956339, 39.33988580201747, 39.33984936803514, 39.35006741200882, 39.370801114086646, 39.403627029757224, 39.41076991948073, 39.43817706539121, 39.45903568446745, 39.52211309341481, 39.58693967270915, 39.6479962786289, 39.70583837874375, 39.77323132949307, 39.86737663424341, 39.93516098191699, 39.98397323967745, 39.97240370694666, 40.00857762032926, 40.05370145925022, 40.08480994220413, 40.102521432129265, 40.207092287991166, 40.360243993435446, 40.43176692173844, 40.43277020225507, 40.47433337833881, 40.555045741865186, 40.61900755932994, 40.643692777887544, 40.61209205452669, 40.57056478757355, 40.49428058044146, 40.46440681532165, 40.522371016327156, 40.61491268012225, 40.731870557321514, 40.76438348269448, 40.78323270414835, 40.814149769372804, 40.79232728423367, 40.77404886976037, 40.7449756416044, 40.69346205536979, 40.63266744768883, 40.57959686446281, 40.52415092239875, 40.49503886856148, 40.487886028137446, 40.48854769830626, 40.52094634327083, 40.5487338520725, 40.55247311162564, 40.54332337640476, 40.46585090676293, 40.41320464638778, 40.336979441574826, 40.24524068294643, 40.151945028853696, 40.12695798580392, 40.15806695714501, 40.194302892762494, 40.23126646461998, 40.258359057166764, 40.29728840342347, 40.29545627486473, 40.365346533231154, 40.49640681770449, 40.49325424266003, 40.40134420169898, 40.36327817951103, 40.46761962440627, 40.72554689554872, 40.89367912157094, 41.04952692642511, 41.17940433580552, 41.25764972149803, 41.27096867690347, 41.42925381737886, 41.59577989246628, 41.72700095985586, 41.73566621329341, 41.83402256785397, 41.94508175124454, 42.03869755790485, 42.14666840571893, 42.221546611398324, 42.30651196964745, 42.331048902032656, 42.24254689209548, 42.176381866045915, 42.038159980414925, 41.912113060558006, 41.81538363035825, 41.72243086801869, 41.677298227713884, 41.69669779919623, 41.74896684654249, 41.76242027676136, 41.72373588678766, 41.657316897274626, 41.49939896648311, 41.25486026339325, 40.99684837561224, 40.8083203006942, 40.646251617543996, 40.441493452574726, 40.212254918288586, 40.124277640350215, 40.08137377845791, 40.147495212974704, 40.41338457712596, 40.65551459253372, 41.0282183138896, 41.38268131162296, 41.76055001273002, 41.977616585635026, 42.09512656169599, 42.19493302347472, 42.4051792656366, 42.57934842048385, 42.797768355170184, 42.95463737409943, 43.03639865107366, 43.052153961592275, 43.04356540866591, 43.13244261932646, 43.248942676996585, 43.38198060320739, 43.546933227255906, 43.84302494456025, 44.07078944318519, 44.259868006631976, 44.5605141509761, 44.98767613064581, 45.13984132744644, 45.02642814381039, 44.93936777780489, 44.85978987557143, 44.685502865309196, 44.56584460328252, 44.38986399874433, 44.13789692514387, 43.86060752440894, 43.848619232119496, 43.651307229522736, 43.526732941913785, 43.35813984214777, 43.23738287070689, 43.07819184113841, 43.05794981915491, 43.11538649560093, 43.23954147347352, 43.31464146299788, 43.21987093755867, 43.36110402809702, 43.47049429643539, 43.37495639903314, 43.310100460570794, 43.361859003747576, 43.30269712414741, 43.19960383573315, 43.06205469584813, 43.00915450816723, 42.90047450092154, 42.97576190941047, 43.22396141423201, 43.45563437422268, 43.620228106066946, 43.73266527757323, 43.83212310589776, 43.82722699894092, 43.754484911733094, 43.94701292923278, 44.521452470284856, 44.793448852593514, 44.873616272467814, 44.95189763544038, 45.02575783717926, 45.06222522836366, 45.18698343276995, 45.490799673638215, 45.802755496842536, 45.837300907655276, 45.75790117310405, 45.82757396326546, 45.91318021665708, 46.01749190397166, 46.14184965402729, 46.00966284998903, 46.25609905951571, 46.05570934086805, 45.973538951344224, 45.782181141132995, 45.545375487476186, 45.303012511354275, 45.13713168813158, 44.8783490828652, 44.63605962381694, 44.42736781293717, 44.104318437701615, 43.96612516763701, 43.83909143537107, 43.813510214877525, 43.74893218730537, 43.69406814283993, 43.654687503081455, 43.58147096966621, 43.50906461929486, 43.398806214936556, 43.2459280790218, 43.06630467249567, 42.8772431922246, 42.7325960819268, 42.68874601685574, 42.52652584961558, 42.36296844641594, 42.27357842111914, 42.25494836967116, 42.47362746057163, 42.425371050723435, 42.500191768535736, 42.537893165152724, 42.54438144736673, 42.55708981850954, 42.49271822256612, 42.38973889378096, 42.38536188319184, 42.42541936353916, 42.30120759920388, 42.37598951141689, 42.44036902187904, 42.75042662809029, 42.9224857442025, 43.157736171592866, 43.66012848809827, 43.95560585421588, 44.035067369275, 44.05332277870491, 44.18918197186699, 44.21709552935777, 44.14584545258558, 44.16704646160993, 44.10237865405554, 43.828930737939366, 43.65733702767155, 43.658974364638176, 43.823500308990745, 43.95587229885499, 44.080515075669396, 44.481009347096816, 45.018515649923145, 45.36802065338602, 45.527441072993334, 45.69046255980596, 45.723876628494416, 45.732159766243136, 45.63531286558863, 45.55220960669912, 45.40328276822679, 45.07316520510555, 45.05111727976981, 45.23997100780572, 45.40890285497893, 45.47121617466556, 45.652429826766195, 45.64819032069916, 45.60442689245294, 45.652325390455516, 45.6098145282028, 45.23537681474136, 44.640204913417385, 44.01630473516633, 43.35193729862654, 42.49814980714785, 41.79438650887968, 41.23569642304587, 40.65079680758539, 39.25759830841588, 38.791569641145884, 38.73255322515366, 38.68092348170739, 38.65692722923584, 38.696469824409945, 38.74071382449881, 38.77110128475171, 38.78156164080595, 38.82691379108147, 38.83663035246731, 38.81764104646054, 38.799370930918904, 38.765787332842784, 38.73983211264092, 38.69868916454519, 38.65557972856674, 38.611538531644015, 38.560300670627456, 38.540212226981474, 38.54700368418892, 38.56201961776491, 38.56677423055355, 38.57214936061581, 38.58345454672813, 38.62094016585272, 38.64340866205335, 38.654506731016504, 38.69848811931897, 38.724763067362176, 38.74375590509502, 38.747536904827456, 38.726767667481276, 38.69771835200505, 38.677704480681854, 38.64982083101036, 38.59966180991292, 38.55172104910272, 38.508789403276594, 38.462831944983385, 38.43462400993404, 38.420177397610374, 38.4405503760928],